place_id,name,reviews,main_category,categories,rating,address,link,query,description,is_spending_on_ads,competitors,website,can_claim,owner_name,owner_profile_link,featured_image,workday_timing,is_temporarily_closed,closed_on,phone,review_keywords
ChIJ-yhrDABhUjoRcsBBh4F7fuA,Croma - Ramapuram,86,Electronics store,"Electronics store, Appliance store, Computer accessories store, Refrigerator store",4.9,"3/160/2D, Mount Poonamallee Rd, Parthasarathy Nagar, Ramapuram, Manapakkam, Kanchipuram, Chennai, Tamil Nadu 600125",https://www.google.com/maps/place/Croma+-+Ramapuram/data=!4m7!3m6!1s0x3a5261000c6b28fb:0xe07e7b818741c072!8m2!3d13.020813!4d80.183865!16s%2Fg%2F11y58s1m1k!19sChIJ-yhrDABhUjoRcsBBh4F7fuA?authuser=0&hl=en&rclk=1,croma electronic store in chennai,*****,*****,*****,*****,*****,*****,*****,*****,*****,*****,*****,*****,*****
ChIJa9-uy0VfUjoR9ujFPti9Jfg,Croma - Chrompet,7532,Electronics store,"Electronics store, Appliance store, Computer accessories store, Refrigerator store",4.6,"No 14 & 15, GT Road, Kamakshi Colony, Chromepet, Tambaram Sanatorium, Chennai, Tamil Nadu 600047",https://www.google.com/maps/place/Croma+-+Chrompet/data=!4m7!3m6!1s0x3a525f45cbaedf6b:0xf825bdd83ec5e8f6!8m2!3d12.9434291!4d80.134211!16s%2Fg%2F11h75w_h7d!19sChIJa9-uy0VfUjoR9ujFPti9Jfg?authuser=0&hl=en&rclk=1,croma electronic store in chennai,*****,*****,*****,*****,*****,*****,*****,*****,*****,*****,*****,*****,*****
ChIJlZ3iafZhUjoRh-HYrhk10Lc,Croma - Kattupakkam,522,Electronics store,"Electronics store, Appliance store, Computer accessories store, Refrigerator store",4.9,"3/280, Poonamallee High Rd, Lourdupuram, Kumananchavadi, Goparasanallur, Chennai, Tamil Nadu 600056",https://www.google.com/maps/place/Croma+-+Kattupakkam/data=!4m7!3m6!1s0x3a5261f669e29d95:0xb7d03519aed8e187!8m2!3d13.046918!4d80.1199154!16s%2Fg%2F11y3kxpx3m!19sChIJlZ3iafZhUjoRh-HYrhk10Lc?authuser=0&hl=en&rclk=1,croma electronic store in chennai,*****,*****,*****,*****,*****,*****,*****,*****,*****,*****,*****,*****,*****
ChIJJ8WFPapdUjoRgELCt1e846c,Croma - Selaiyur,3146,Electronics store,"Electronics store, Appliance store, Computer accessories store, Refrigerator store",4.8,"Sy No 27, No 93, A1A2A, Velachery - Tambaram Main Rd, opp. Panchayat Shopping Complex, Kamarajapuram, Tambaram, Selaiyur, Chennai, Tamil Nadu 600073",https://www.google.com/maps/place/Croma+-+Selaiyur/data=!4m7!3m6!1s0x3a525daa3d85c527:0xa7e3bc57b7c24280!8m2!3d12.9235804!4d80.154126!16s%2Fg%2F11plsp7klm!19sChIJJ8WFPapdUjoRgELCt1e846c?authuser=0&hl=en&rclk=1,croma electronic store in chennai,*****,*****,*****,*****,*****,*****,*****,*****,*****,*****,*****,*****,*****
ChIJbyhDTZddUjoR7AyLALSSJo0,Croma - Grand Mall,3772,Electronics store,"Electronics store, Appliance store, Computer accessories store, Refrigerator store",4.6,"137, Velachery - Tambaram Main Rd, V.O.C Nagar, Doctor Seetaram Nagar, Tambaram, Chennai, Tamil Nadu 600042",https://www.google.com/maps/place/Croma+-+Grand+Mall/data=!4m7!3m6!1s0x3a525d974d43286f:0x8d2692b4008b0cec!8m2!3d12.9720761!4d80.2198386!16s%2Fg%2F124t4ws4d!19sChIJbyhDTZddUjoR7AyLALSSJo0?authuser=0&hl=en&rclk=1,croma electronic store in chennai,*****,*****,*****,*****,*****,*****,*****,*****,*****,*****,*****,*****,*****
ChIJbS2kymNnUjoR5n0VIpTbxZc,Croma - Phoenix Marketcity,3995,Electronics store,"Electronics store, Appliance store, Computer accessories store, Refrigerator store",4.5,"1st floor, Phoenix Market City, 142, Velachery, Chennai, Tamil Nadu 600042",https://www.google.com/maps/place/Croma+-+Phoenix+Marketcity/data=!4m7!3m6!1s0x3a526763caa42d6d:0x97c5db9422157de6!8m2!3d12.9913026!4d80.2166199!16s%2Fg%2F124swplm6!19sChIJbS2kymNnUjoR5n0VIpTbxZc?authuser=0&hl=en&rclk=1,croma electronic store in chennai,*****,*****,*****,*****,*****,*****,*****,*****,*****,*****,*****,*****,*****
ChIJMcbL6iZkUjoRqGkKrFLGYZA,Croma - Anna Nagar,8455,Electronics store,"Electronics store, Appliance store, Computer accessories store, Refrigerator store",4.4,"No, Khanna Building, Aa/5, 2nd Ave, Lapis lagoon, AA Block, Shanthi Colony, Anna Nagar, Chennai, Tamil Nadu 600040",https://www.google.com/maps/place/Croma+-+Anna+Nagar/data=!4m7!3m6!1s0x3a526426eacbc631:0x9061c652ac0a69a8!8m2!3d13.0843313!4d80.2168376!16s%2Fg%2F1tvyk5dc!19sChIJMcbL6iZkUjoRqGkKrFLGYZA?authuser=0&hl=en&rclk=1,croma electronic store in chennai,*****,*****,*****,*****,*****,*****,*****,*****,*****,*****,*****,*****,*****
ChIJLXDT6XVnUjoR28N_R1T0zCs,Croma - Vadapalani,1095,Electronics store,"Electronics store, Appliance store, Computer accessories store, Refrigerator store",4.8,"Door No 175/1l & 2l, Safura Unity Nsk Salai Road, Arcot Rd, opposite Vijaya Hospital, Vadapalani, Chennai, Tamil Nadu 600026",https://www.google.com/maps/place/Croma+-+Vadapalani/data=!4m7!3m6!1s0x3a526775e9d3702d:0x2bccf454477fc3db!8m2!3d13.0490894!4d80.2081938!16s%2Fg%2F11txtrdy5r!19sChIJLXDT6XVnUjoR28N_R1T0zCs?authuser=0&hl=en&rclk=1,croma electronic store in chennai,*****,*****,*****,*****,*****,*****,*****,*****,*****,*****,*****,*****,*****
ChIJuUA8Z1hmUjoRswh3WT7T-G8,Croma - T Nagar,9287,Electronics store,"Electronics store, Appliance store, Computer accessories store, Refrigerator store",4.5,"No 1, Ground Flr, Kences Towers Ramakrishna Street, N Usman Rd, T. Nagar, Chennai, Tamil Nadu 600017",https://www.google.com/maps/place/Croma+-+T+Nagar/data=!4m7!3m6!1s0x3a526658673c40b9:0x6ff8d33e597708b3!8m2!3d13.0486274!4d80.2330188!16s%2Fg%2F1tghbklp!19sChIJuUA8Z1hmUjoRswh3WT7T-G8?authuser=0&hl=en&rclk=1,croma electronic store in chennai,*****,*****,*****,*****,*****,*****,*****,*****,*****,*****,*****,*****,*****
ChIJCwk7mt1jUjoRAUeQRafTrQI,Croma - Avadi,5292,Electronics store,"Electronics store, Appliance store, Computer accessories store, Refrigerator store",4.8,"No 4 & 5, Plot No 6/Pc2 60 Feet Road, Ramalingapuram, TNHB Mig V Block, Avadi, Tamil Nadu 600054",https://www.google.com/maps/place/Croma+-+Avadi/data=!4m7!3m6!1s0x3a5263dd9a3b090b:0x2add3a745904701!8m2!3d13.1136857!4d80.1027187!16s%2Fg%2F11f8hskcd7!19sChIJCwk7mt1jUjoRAUeQRafTrQI?authuser=0&hl=en&rclk=1,croma electronic store in chennai,*****,*****,*****,*****,*****,*****,*****,*****,*****,*****,*****,*****,*****
ChIJkSDUJy9nUjoR6N52ODMCAPQ,Croma - G N Chetty Road,77,Electronics store,"Electronics store, Appliance store, Computer accessories store, Refrigerator store",4.8,"Arihant Vista, Gopathi Narayanaswami Chetty Rd, T. Nagar, Chennai, Tamil Nadu 600017",https://www.google.com/maps/place/Croma+-+G+N+Chetty+Road/data=!4m7!3m6!1s0x3a52672f27d42091:0xf40002333876dee8!8m2!3d13.042395!4d80.235768!16s%2Fg%2F11vqh39k87!19sChIJkSDUJy9nUjoR6N52ODMCAPQ?authuser=0&hl=en&rclk=1,croma electronic store in chennai,*****,*****,*****,*****,*****,*****,*****,*****,*****,*****,*****,*****,*****
ChIJl4WWzRRnUjoRM2v_5hUeBro,Croma - Kilpauk,824,Electronics store,"Electronics store, Appliance store, Computer accessories store, Refrigerator store",4.9,"Old No 95, New No 178, Poonamallee High Rd, Kilpauk, Chennai, Tamil Nadu 600010",https://www.google.com/maps/place/Croma+-+Kilpauk/data=!4m7!3m6!1s0x3a526714cd968597:0xba061e15e6ff6b33!8m2!3d13.0768141!4d80.2392372!16s%2Fg%2F11vsh9gn_w!19sChIJl4WWzRRnUjoRM2v_5hUeBro?authuser=0&hl=en&rclk=1,croma electronic store in chennai,*****,*****,*****,*****,*****,*****,*****,*****,*****,*****,*****,*****,*****
ChIJDclTwuBjUjoRClBfVo8yqy0,Croma - Ambattur,5278,Electronics store,"Electronics store, Appliance store, Computer accessories store, Refrigerator store",4.8,"Door No 13 Plot, 8A, Ambattur Red Hills Rd, Secretariat Colony, Venkatapuram, Ambattur, Chennai, Tamil Nadu 600053",https://www.google.com/maps/place/Croma+-+Ambattur/data=!4m7!3m6!1s0x3a5263e0c253c90d:0x2dab328f565f500a!8m2!3d13.1215594!4d80.1487372!16s%2Fg%2F11sx0ldjgx!19sChIJDclTwuBjUjoRClBfVo8yqy0?authuser=0&hl=en&rclk=1,croma electronic store in chennai,*****,*****,*****,*****,*****,*****,*****,*****,*****,*****,*****,*****,*****
ChIJA6swlOZjUjoRSjXXE0mqcP8,Croma - Mogappair,5853,Electronics store,"Electronics store, Appliance store, Computer accessories store, Refrigerator store",4.6,"Plot No B24, Industrial Plot, opposite Fashion Look, Jayalalitha Nagar West, Mogappair, Tamil Nadu 600037",https://www.google.com/maps/place/Croma+-+Mogappair/data=!4m7!3m6!1s0x3a5263e69430ab03:0xff70aa4913d7354a!8m2!3d13.085627!4d80.1695593!16s%2Fg%2F11f29_mndc!19sChIJA6swlOZjUjoRSjXXE0mqcP8?authuser=0&hl=en&rclk=1,croma electronic store in chennai,*****,*****,*****,*****,*****,*****,*****,*****,*****,*****,*****,*****,*****
ChIJ09Poy3RdUjoRjB0BYCnnvmY,Croma - BSR Mall,3913,Electronics store,"Electronics store, Appliance store, Computer accessories store, Refrigerator store",4.6,"No 1/609, Bsr Mall, Old Mahabalipuram Road, Seevaram, Thoraipakkam, Chennai, Tamil Nadu 600096",https://www.google.com/maps/place/Croma+-+BSR+Mall/data=!4m7!3m6!1s0x3a525d74cbe8d3d3:0x66bee72960011d8c!8m2!3d12.9496024!4d80.2404088!16s%2Fg%2F11ff0wynn2!19sChIJ09Poy3RdUjoRjB0BYCnnvmY?authuser=0&hl=en&rclk=1,croma electronic store in chennai,*****,*****,*****,*****,*****,*****,*****,*****,*****,*****,*****,*****,*****
ChIJn321DKxfUjoRWeyZ4oW7uM0,Croma - Thiruvanchery,950,Electronics store,"Electronics store, Appliance store, Computer accessories store, Refrigerator store",4.9,"No 70, 2, 3A, Agaram Main Rd, Puthur, Tiruvanchery, Selaiyur, Kanchipuram, Chennai, Tamil Nadu 600126",https://www.google.com/maps/place/Croma+-+Thiruvanchery/data=!4m7!3m6!1s0x3a525fac0cb57d9f:0xcdb8bb85e299ec59!8m2!3d12.8984755!4d80.1415278!16s%2Fg%2F11vr43_r2w!19sChIJn321DKxfUjoRWeyZ4oW7uM0?authuser=0&hl=en&rclk=1,croma electronic store in chennai,*****,*****,*****,*****,*****,*****,*****,*****,*****,*****,*****,*****,*****
ChIJi___DxpmUjoRabAylyC8yTU,Croma - Mount Road,10286,Electronics store,"Electronics store, Appliance store, Computer accessories store, Refrigerator store",4.7,"No 826, Ground Floor, Tarapore Towers, Anna Salai, Triplicane, Chennai, Tamil Nadu 600002",https://www.google.com/maps/place/Croma+-+Mount+Road/data=!4m7!3m6!1s0x3a52661a0fffff8b:0x35c9bc209732b069!8m2!3d13.0666451!4d80.2686657!16s%2Fg%2F11b7q30f30!19sChIJi___DxpmUjoRabAylyC8yTU?authuser=0&hl=en&rclk=1,croma electronic store in chennai,*****,*****,*****,*****,*****,*****,*****,*****,*****,*****,*****,*****,*****
ChIJ40lXze9nUjoR4pFEZ0z2ic8,Croma - Alwarpet,3357,Electronics store,"Electronics store, Appliance store, Computer accessories store, Refrigerator store",4.9,"73 Blk, DN, Plot No 8A, RS 1595/8, 33, TT Krishnamachari Rd, CTT Colony, Alwarpet, Chennai, Tamil Nadu 600018",https://www.google.com/maps/place/Croma+-+Alwarpet/data=!4m7!3m6!1s0x3a5267efcd5749e3:0xcf89f64c674491e2!8m2!3d13.0420564!4d80.2592913!16s%2Fg%2F11rxtwns5w!19sChIJ40lXze9nUjoR4pFEZ0z2ic8?authuser=0&hl=en&rclk=1,croma electronic store in chennai,*****,*****,*****,*****,*****,*****,*****,*****,*****,*****,*****,*****,*****
ChIJP1cfLFZnUjoRbvsT0bPCjQE,Croma - Adyar,2593,Electronics store,"Electronics store, Appliance store, Computer accessories store, Refrigerator store",4.8,"No 36, Jamals Diamond Plaza, Lattice Brg Rd, Parameshwari Nagar, Adyar, Chennai, Tamil Nadu 600020",https://www.google.com/maps/place/Croma+-+Adyar/data=!4m7!3m6!1s0x3a5267562c1f573f:0x18dc2b3d113fb6e!8m2!3d13.002104!4d80.2567581!16s%2Fg%2F11pls9symc!19sChIJP1cfLFZnUjoRbvsT0bPCjQE?authuser=0&hl=en&rclk=1,croma electronic store in chennai,*****,*****,*****,*****,*****,*****,*****,*****,*****,*****,*****,*****,*****
ChIJLaaNP9FnUjoRPUetTKG8Lek,Croma - Citi Centre Mall,1258,Electronics store,"Electronics store, Appliance store, Computer accessories store, Refrigerator store",4.9,"No 10 & 11, Citi Centre, Dr Radha Krishnan Salai, Loganathan Colony, Mylapore, Chennai, Tamil Nadu 600004",https://www.google.com/maps/place/Croma+-+Citi+Centre+Mall/data=!4m7!3m6!1s0x3a5267d13f8da62d:0xe92dbca14cad473d!8m2!3d13.042878!4d80.2737593!16s%2Fg%2F11trzw4t9x!19sChIJLaaNP9FnUjoRPUetTKG8Lek?authuser=0&hl=en&rclk=1,croma electronic store in chennai,*****,*****,*****,*****,*****,*****,*****,*****,*****,*****,*****,*****,*****
ChIJsUPXCrhhUjoRY5NjVqyFq8Q,Reliance Digital,2705,Electronics store,"Electronics store, Appliance store, Cell phone accessory store, Computer accessories store, Refrigerator store",4.6,"Sy No 184/1B, Mount Ponnamallee Road Thiruvallur, Ponamallee, Kattupakkam, Chennai, Tamil Nadu 600056",https://www.google.com/maps/place/Reliance+Digital/data=!4m7!3m6!1s0x3a5261b80ad743b1:0xc4ab85ac56639363!8m2!3d13.0434784!4d80.1207969!16s%2Fg%2F11cp5j4l__!19sChIJsUPXCrhhUjoRY5NjVqyFq8Q?authuser=0&hl=en&rclk=1,reliance digital in chennai,*****,*****,*****,*****,*****,*****,*****,*****,*****,*****,*****,*****,*****
ChIJ3xznhK1fUjoRbs-211q7Ht0,Reliance Digital,2932,Electronics store,"Electronics store, Appliance store, Cell phone accessory store, Computer accessories store, Refrigerator store",4.2,"282, Grand Southern Trunk Rd, near Bus Terminal, New Colony, Chromepet, Chennai, Tamil Nadu 600044",https://www.google.com/maps/place/Reliance+Digital/data=!4m7!3m6!1s0x3a525fad84e71cdf:0xdd1ebb5ad7b6cf6e!8m2!3d12.9514151!4d80.1395538!16s%2Fg%2F1264dl177!19sChIJ3xznhK1fUjoRbs-211q7Ht0?authuser=0&hl=en&rclk=1,reliance digital in chennai,*****,*****,*****,*****,*****,*****,*****,*****,*****,*****,*****,*****,*****
ChIJ91OYUP9hUjoRDJUbmKfE-C8,Reliance Digital,1192,Electronics store,"Electronics store, Appliance store, Cell phone accessory store, Computer accessories store, Refrigerator store",4.4,"NO,51, 7, Arcot Rd, Kuyapettai, Ramakrishna Nagar, Porur, Chennai, Tamil Nadu 600116",https://www.google.com/maps/place/Reliance+Digital/data=!4m7!3m6!1s0x3a5261ff509853f7:0x2ff8c4a7981b950c!8m2!3d13.0360357!4d80.15708!16s%2Fg%2F11c48mh9w3!19sChIJ91OYUP9hUjoRDJUbmKfE-C8?authuser=0&hl=en&rclk=1,reliance digital in chennai,*****,*****,*****,*****,*****,*****,*****,*****,*****,*****,*****,*****,*****
ChIJ61oy9L5fUjoRS75-4eblxrs,Reliance Digital,1127,Electronics store,"Electronics store, Appliance store, Cell phone accessory store, Computer accessories store, Refrigerator store",4.9,"53/11, Venkatesan Street, Rajaji Rd, next to National Theatre, West Tambaram, Chennai, Tamil Nadu 600045",https://www.google.com/maps/place/Reliance+Digital/data=!4m7!3m6!1s0x3a525fbef4325aeb:0xbbc6e5e6e17ebe4b!8m2!3d12.9286852!4d80.1144052!16s%2Fg%2F11vl5rppj_!19sChIJ61oy9L5fUjoRS75-4eblxrs?authuser=0&hl=en&rclk=1,reliance digital in chennai,*****,*****,*****,*****,*****,*****,*****,*****,*****,*****,*****,*****,*****
ChIJKVAfM-BmUjoRWfYE_kQxAbQ,Reliance Digital,1670,Electronics store,"Electronics store, Appliance store, Cell phone accessory store, Computer accessories store, Refrigerator store",4.1,"No 21 & 21A, Plot, A37, 1st Ave, Sarvamangala Colony, Manthope Colony, Kodambakkam, Chennai, Tamil Nadu 600083",https://www.google.com/maps/place/Reliance+Digital/data=!4m7!3m6!1s0x3a5266e0331f5029:0xb4013144fe04f659!8m2!3d13.0353654!4d80.2125298!16s%2Fg%2F124spxtkm!19sChIJKVAfM-BmUjoRWfYE_kQxAbQ?authuser=0&hl=en&rclk=1,reliance digital in chennai,*****,*****,*****,*****,*****,*****,*****,*****,*****,*****,*****,*****,*****
ChIJ7ftSnuFeUjoRlO8XLAZKeZI,Reliance Digital,1711,Electronics store,"Electronics store, Appliance store, Cell phone accessory store, Computer accessories store, Refrigerator store",4.4,"DN 180, Gr & 1st Flr, Velachery Main Rd Selaiyur, Tambaram East, Ezhil Nagar, Chennai, Tamil Nadu 600073",https://www.google.com/maps/place/Reliance+Digital/data=!4m7!3m6!1s0x3a525ee19e52fbed:0x92794a062c17ef94!8m2!3d12.9224609!4d80.1456531!16s%2Fg%2F11h5rc93cw!19sChIJ7ftSnuFeUjoRlO8XLAZKeZI?authuser=0&hl=en&rclk=1,reliance digital in chennai,*****,*****,*****,*****,*****,*****,*****,*****,*****,*****,*****,*****,*****
ChIJhR2tN5ddUjoRBFRvgGcBTmQ,Reliance Digital,1878,Electronics store,"Electronics store, Appliance store, Cell phone accessory store, Computer accessories store, Refrigerator store",4.2,"No 391, ASV Crown Plaza, 1st Cross St, Velachery - Tambaram Main Rd, VGP Selva Nagar, Velachery, Chennai, Tamil Nadu 600042",https://www.google.com/maps/place/Reliance+Digital/data=!4m7!3m6!1s0x3a525d9737ad1d85:0x644e0167806f5404!8m2!3d12.9227262!4d80.1601907!16s%2Fg%2F11g6bsvqj0!19sChIJhR2tN5ddUjoRBFRvgGcBTmQ?authuser=0&hl=en&rclk=1,reliance digital in chennai,*****,*****,*****,*****,*****,*****,*****,*****,*****,*****,*****,*****,*****
ChIJw-MO1HdeUjoR8_Efgj2QiW0,Reliance Digital,2252,Electronics store,"Electronics store, Appliance store, Cell phone accessory store, Computer accessories store, Refrigerator store",4.1,"Door No 266, 1, Medavakkam Main Rd, opposite Bus Terminal, Kumaran Nagar, Keelkattalai, Chennai, Tamil Nadu 600117",https://www.google.com/maps/place/Reliance+Digital/data=!4m7!3m6!1s0x3a525e77d40ee3c3:0x6d89903d821ff1f3!8m2!3d12.9562745!4d80.1871423!16s%2Fg%2F1hf05rws2!19sChIJw-MO1HdeUjoR8_Efgj2QiW0?authuser=0&hl=en&rclk=1,reliance digital in chennai,*****,*****,*****,*****,*****,*****,*****,*****,*****,*****,*****,*****,*****
ChIJ7dEumbn1UjoRQRcRAl0Iz_8,Reliance Digital,1589,Electronics store,"Electronics store, Appliance store, Cell phone accessory store, Computer accessories store, Refrigerator store",4.3,"No 1, Ground & 1st Floor, Tambaram - Mudichur - Sriperumbudur Rd, Bharathi Nagar, Tambaram, Chennai, Old Perungalathur, Tamil Nadu 600063",https://www.google.com/maps/place/Reliance+Digital/data=!4m7!3m6!1s0x3a52f5b9992ed1ed:0xffcf085d02111741!8m2!3d12.9211412!4d80.0920174!16s%2Fg%2F11hdc4t64y!19sChIJ7dEumbn1UjoRQRcRAl0Iz_8?authuser=0&hl=en&rclk=1,reliance digital in chennai,*****,*****,*****,*****,*****,*****,*****,*****,*****,*****,*****,*****,*****
ChIJ5cPce6pjUjoRVJ43dsDS8pk,Reliance Digital,2595,Electronics store,"Electronics store, Appliance store, Cell phone accessory store, Computer accessories store, Refrigerator store",4.1,"Plot No 41 & 42, 1st Floor Chennai Tiruvallur Highway, Road, Ambattur, Chennai, Tamil Nadu 600053",https://www.google.com/maps/place/Reliance+Digital/data=!4m7!3m6!1s0x3a5263aa7bdcc3e5:0x99f2d2c076379e54!8m2!3d13.1225746!4d80.1459956!16s%2Fg%2F1hm27x4zr!19sChIJ5cPce6pjUjoRVJ43dsDS8pk?authuser=0&hl=en&rclk=1,reliance digital in chennai,*****,*****,*****,*****,*****,*****,*****,*****,*****,*****,*****,*****,*****
ChIJCTFWNGJnUjoRRrZvTwEEO1k,Reliance Digital,1895,Electronics store,"Electronics store, Appliance store, Cell phone accessory store, Computer accessories store, Refrigerator store",4.1,"Shop No LG36, Cricket Ground, Market City, Velachery Main Rd, near GURU NANAK COLLEGE, Indira Gandhi Nagar, Velachery, Chennai, Tamil Nadu 600042",https://www.google.com/maps/place/Reliance+Digital/data=!4m7!3m6!1s0x3a52676234563109:0x593b04014f6fb646!8m2!3d12.991225!4d80.2219801!16s%2Fg%2F124sqrszk!19sChIJCTFWNGJnUjoRRrZvTwEEO1k?authuser=0&hl=en&rclk=1,reliance digital in chennai,*****,*****,*****,*****,*****,*****,*****,*****,*****,*****,*****,*****,*****
ChIJB3KJft1nUjoRXPTlwiVNPmM,Reliance Digital,3104,Electronics store,"Electronics store, Appliance store, Cell phone accessory store, Computer accessories store, Refrigerator store",4.9,"UGF Nexus, Vijaya Mall, No 183/188, TS No 5, 1 & 3 to 5, Arcot Rd, Vadapalani, Chennai, Tamil Nadu 600026",https://www.google.com/maps/place/Reliance+Digital/data=!4m7!3m6!1s0x3a5267dd7e897207:0x633e4d25c2e5f45c!8m2!3d13.0497984!4d80.2093678!16s%2Fg%2F11tjpwzz5b!19sChIJB3KJft1nUjoRXPTlwiVNPmM?authuser=0&hl=en&rclk=1,reliance digital in chennai,*****,*****,*****,*****,*****,*****,*****,*****,*****,*****,*****,*****,*****
ChIJIcVfQctnUjoRtw-8mtvioIQ,Reliance Digital,624,Electronics store,"Electronics store, Appliance store, Cell phone accessory store, Computer accessories store, Refrigerator store",4.3,"No 42/2, 44/2 & 3, N Usman Rd, T. Nagar, Chennai, Tamil Nadu 600017",https://www.google.com/maps/place/Reliance+Digital/data=!4m7!3m6!1s0x3a5267cb415fc521:0x84a0e2db9abc0fb7!8m2!3d13.0508105!4d80.2335644!16s%2Fg%2F11h_wmcs5j!19sChIJIcVfQctnUjoRtw-8mtvioIQ?authuser=0&hl=en&rclk=1,reliance digital in chennai,*****,*****,*****,*****,*****,*****,*****,*****,*****,*****,*****,*****,*****
ChIJW74vVOFjUjoR0_diensYboY,Reliance Digital,2851,Electronics store,"Electronics store, Appliance store, Cell phone accessory store, Computer accessories store, Refrigerator store",4.1,"Plot No, 3 & PC 11, Kambar St, near Bus Depot, Mogappair West, Mogappair, Tiruvallur, Chennai, Tamil Nadu 600037",https://www.google.com/maps/place/Reliance+Digital/data=!4m7!3m6!1s0x3a5263e1542fbe5b:0x866e187b7a62f7d3!8m2!3d13.0837019!4d80.170525!16s%2Fg%2F1hc8fb_4z!19sChIJW74vVOFjUjoR0_diensYboY?authuser=0&hl=en&rclk=1,reliance digital in chennai,*****,*****,*****,*****,*****,*****,*****,*****,*****,*****,*****,*****,*****
ChIJqaWFUL9hUjoRNKURYkIOd7k,Reliance Digital,888,Electronics store,"Electronics store, Appliance store, Cell phone accessory store, Computer accessories store, Refrigerator store",4.1,"1st & 2nd Floor, Door No 82, Plot A, Arcot Rd, Majestic Colony, Valasaravakkam, Tiruvallur, Tamil Nadu 600087",https://www.google.com/maps/place/Reliance+Digital/data=!4m7!3m6!1s0x3a5261bf5085a5a9:0xb9770e426211a534!8m2!3d13.0417829!4d80.1801049!16s%2Fg%2F11f7761267!19sChIJqaWFUL9hUjoRNKURYkIOd7k?authuser=0&hl=en&rclk=1,reliance digital in chennai,*****,*****,*****,*****,*****,*****,*****,*****,*****,*****,*****,*****,*****
ChIJV-XUiOFjUjoRD6r7bDUAXN0,Reliance Digital,532,Electronics store,"Electronics store, Appliance store, Cell phone accessory store, Computer accessories store, Refrigerator store",4.9,"No 269, Ground & 1st Floor Brittania, Thangam Lodge, Madras Thiruvallur High Rd, Kamaraj Nagar, Padi, Chennai, Tamil Nadu 600050",https://www.google.com/maps/place/Reliance+Digital/data=!4m7!3m6!1s0x3a5263e188d4e557:0xdd5c00356cfbaa0f!8m2!3d13.099121!4d80.1835328!16s%2Fg%2F11v6nmqx6g!19sChIJV-XUiOFjUjoRD6r7bDUAXN0?authuser=0&hl=en&rclk=1,reliance digital in chennai,*****,*****,*****,*****,*****,*****,*****,*****,*****,*****,*****,*****,*****
ChIJTyorIlhnUjoRMEJo6Fw-DeE,Reliance Digital,2718,Electronics store,"Electronics store, Appliance store, Cell phone accessory store, Computer accessories store, Refrigerator store",4.1,"Block W119, 34, 3rd Ave, opposite Kandaswamy Naidu College, W Block, Anna Nagar, Chennai, Tamil Nadu 600040",https://www.google.com/maps/place/Reliance+Digital/data=!4m7!3m6!1s0x3a526758222b2a4f:0xe10d3e5ce8684230!8m2!3d13.0871934!4d80.2176854!16s%2Fg%2F11hytmpbd1!19sChIJTyorIlhnUjoRMEJo6Fw-DeE?authuser=0&hl=en&rclk=1,reliance digital in chennai,*****,*****,*****,*****,*****,*****,*****,*****,*****,*****,*****,*****,*****
ChIJNZ2ZO_9lUjoRLPs5hyfBq2c,Reliance Digital,1450,Electronics store,"Electronics store, Appliance store, Cell phone accessory store, Computer accessories store, Refrigerator store",4.1,"2nd Floor, VR Mall, Thirumangalam, Koyambedu, Chennai, Tamil Nadu 600040",https://www.google.com/maps/place/Reliance+Digital/data=!4m7!3m6!1s0x3a5265ff3b999d35:0x67abc1278739fb2c!8m2!3d13.0792925!4d80.1977597!16s%2Fg%2F11g1kt6nqs!19sChIJNZ2ZO_9lUjoRLPs5hyfBq2c?authuser=0&hl=en&rclk=1,reliance digital in chennai,*****,*****,*****,*****,*****,*****,*****,*****,*****,*****,*****,*****,*****
ChIJ5Zly6xpmUjoRCtVU2R_s_mo,Reliance Digital,906,Electronics store,"Electronics store, Appliance store, Cell phone accessory store, Computer accessories store, Refrigerator store",4.0,"No 47, Ground & 1st Floor, Meco House, Mount Rd, Border Thottam, Padupakkam, Annasalai, Chennai, Tamil Nadu 600002",https://www.google.com/maps/place/Reliance+Digital/data=!4m7!3m6!1s0x3a52661aeb7299e5:0x6afeec1fd954d50a!8m2!3d13.0666015!4d80.2703314!16s%2Fg%2F11bztgyr8z!19sChIJ5Zly6xpmUjoRCtVU2R_s_mo?authuser=0&hl=en&rclk=1,reliance digital in chennai,*****,*****,*****,*****,*****,*****,*****,*****,*****,*****,*****,*****,*****
ChIJK863Hi1mUjoRzULo83AiXeA,Reliance Digital,2079,Electronics store,"Electronics store, Appliance store, Cell phone accessory store, Computer accessories store, Refrigerator store",4.3,"No 201, Guru Towers, Royapettah High Rd, Vinayagar Kovil, Luz, Mylapore, Chennai, Tamil Nadu 600004",https://www.google.com/maps/place/Reliance+Digital/data=!4m7!3m6!1s0x3a52662d1eb7ce2b:0xe05d2270f3e842cd!8m2!3d13.0383521!4d80.2677095!16s%2Fg%2F11b7hm_316!19sChIJK863Hi1mUjoRzULo83AiXeA?authuser=0&hl=en&rclk=1,reliance digital in chennai,*****,*****,*****,*****,*****,*****,*****,*****,*****,*****,*****,*****,*****
ChIJQRyr2sjWuDsRkIrTksgyRr4,Reliance Digital,671,Electronics store,"Electronics store, Appliance store, Cell phone accessory store, Computer accessories store, Refrigerator store",4.0,"No 78 & 79, Madhavaram High Rd, Perambur, Chennai, Tamil Nadu 600011",https://www.google.com/maps/place/Reliance+Digital/data=!4m7!3m6!1s0x3bb8d6c8daab1c41:0xbe4632c892d38a90!8m2!3d13.1087539!4d80.2444617!16s%2Fg%2F11b7hfjss3!19sChIJQRyr2sjWuDsRkIrTksgyRr4?authuser=0&hl=en&rclk=1,reliance digital in chennai,*****,*****,*****,*****,*****,*****,*****,*****,*****,*****,*****,*****,*****
ChIJ0ebBDopkUjoRKaU24KpUVgY,Reliance Digital,3098,Electronics store,"Electronics store, Appliance store, Cell phone accessory store, Computer accessories store, Refrigerator store",4.1,"Venus Nagar, Plot No 28 & 29, 100 Feet Rd, Annai Sivasakthi Nagar, Kolathur, Chennai, Tamil Nadu 600099",https://www.google.com/maps/place/Reliance+Digital/data=!4m7!3m6!1s0x3a52648a0ec1e6d1:0x65654aae036a529!8m2!3d13.1256038!4d80.2054982!16s%2Fg%2F11btvldjyh!19sChIJ0ebBDopkUjoRKaU24KpUVgY?authuser=0&hl=en&rclk=1,reliance digital in chennai,*****,*****,*****,*****,*****,*****,*****,*****,*****,*****,*****,*****,*****
ChIJ78XkZ3NcUjoRPe-MFfFreU4,Reliance Digital,2962,Electronics store,"Electronics store, Appliance store, Cell phone accessory store, Computer accessories store, Refrigerator store",4.2,"Plot No 1 & 2, Ground, 1st & 2nd Floor, Perumbakkam Main Rd, Puthu Nagar, Radha Nagar, Medavakkam, Chennai, Tamil Nadu 600100",https://www.google.com/maps/place/Reliance+Digital/data=!4m7!3m6!1s0x3a525c7367e4c5ef:0x4e796bf1158cef3d!8m2!3d12.9092412!4d80.1972311!16s%2Fg%2F11f2ck26k6!19sChIJ78XkZ3NcUjoRPe-MFfFreU4?authuser=0&hl=en&rclk=1,reliance digital in chennai,*****,*****,*****,*****,*****,*****,*****,*****,*****,*****,*****,*****,*****
ChIJy1_YyWRlUjoRH80xWLkryNs,Reliance Digital,146,Electronics store,"Electronics store, Appliance store, Cell phone accessory store, Computer accessories store, Refrigerator store",4.6,"Ground to 3rd Floor, Plot No 10, Paper Mills Road, Anjugam Nagar, SRP Colony, Kolathur, Chennai, Tamil Nadu 600082",https://www.google.com/maps/place/Reliance+Digital/data=!4m7!3m6!1s0x3a526564c9d85fcb:0xdbc82bb95831cd1f!8m2!3d13.1196109!4d80.2248563!16s%2Fg%2F11txlv3qkp!19sChIJy1_YyWRlUjoRH80xWLkryNs?authuser=0&hl=en&rclk=1,reliance digital in chennai,*****,*****,*****,*****,*****,*****,*****,*****,*****,*****,*****,*****,*****
ChIJp_ijRXliUjoRBLkxzezLl5Q,Reliance Digital,1543,Electronics store,"Electronics store, Appliance store, Cell phone accessory store, Computer accessories store, Refrigerator store",4.1,"No 6/11, No 5A & B, Block 5, ALPHA LOTUS TOWER, 6 & 9 & 10, 1st Main Rd, Vivekananda Nagar, TNHB Mig V Block, Avadi, Tamil Nadu 600054",https://www.google.com/maps/place/Reliance+Digital/data=!4m7!3m6!1s0x3a52627945a3f8a7:0x9497cbeccd31b904!8m2!3d13.1148791!4d80.1031275!16s%2Fg%2F11fjsdrzmm!19sChIJp_ijRXliUjoRBLkxzezLl5Q?authuser=0&hl=en&rclk=1,reliance digital in chennai,*****,*****,*****,*****,*****,*****,*****,*****,*****,*****,*****,*****,*****
ChIJkVAJWgBlUjoRPQ7OFfx2uFk,Reliance Digital,18,Electronics store,Electronics store,3.3,"46G4+63W, Mallima Nagar, Vilangadupakkam, Red Hills, Chennai, Tamil Nadu 600052",https://www.google.com/maps/place/Reliance+Digital/data=!4m7!3m6!1s0x3a5265005a095091:0x59b876fc15ce0e3d!8m2!3d13.1256175!4d80.2051889!16s%2Fg%2F11vt4yt8rm!19sChIJkVAJWgBlUjoRPQ7OFfx2uFk?authuser=0&hl=en&rclk=1,reliance digital in chennai,*****,*****,*****,*****,*****,*****,*****,*****,*****,*****,*****,*****,*****
ChIJnxBL8KFbUjoRY0xd6eAMWcU,Reliance Digital,2030,Electronics store,"Electronics store, Appliance store, Cell phone accessory store, Computer accessories store, Refrigerator store",3.9,"Tech Pumps Tower, No 3/62, MR Road, Rajiv Gandhi Salai, Semmancheri, Navalur, Chennai, Tamil Nadu 600119",https://www.google.com/maps/place/Reliance+Digital/data=!4m7!3m6!1s0x3a525ba1f04b109f:0xc5590ce0e95d4c63!8m2!3d12.8747906!4d80.2271136!16s%2Fg%2F11c5dk88b6!19sChIJnxBL8KFbUjoRY0xd6eAMWcU?authuser=0&hl=en&rclk=1,reliance digital in chennai,*****,*****,*****,*****,*****,*****,*****,*****,*****,*****,*****,*****,*****
ChIJtZZGzxplUjoRHPzpjpBDcwA,Reliance Digital Peravallur,143,Electronics store,Electronics store,4.4,"11-12, 11-12, Paper Mills Road, Anjugam Nagar, SRP Colony, Perambur, Chennai, Tamil Nadu 600048",https://www.google.com/maps/place/Reliance+Digital+Peravallur/data=!4m7!3m6!1s0x3a52651acf4696b5:0x7343908ee9fc1c!8m2!3d13.1196515!4d80.2247083!16s%2Fg%2F11ts403fhy!19sChIJtZZGzxplUjoRHPzpjpBDcwA?authuser=0&hl=en&rclk=1,reliance digital in chennai,*****,*****,*****,*****,*****,*****,*****,*****,*****,*****,*****,*****,*****
ChIJ5wv15gtlUjoRNcDO_jrZeGk,Reliance Digital Xpress Mini,92,Electronics store,Electronics store,3.9,"No 7, Mr Nagar, Tondiarpet High Rd, near Relaince Fresh Super Market, Kodungaiyur, Chennai, Tamil Nadu 600118",https://www.google.com/maps/place/Reliance+Digital+Xpress+Mini/data=!4m7!3m6!1s0x3a52650be6f50be7:0x6978d93afecec035!8m2!3d13.13148!4d80.2493926!16s%2Fg%2F11c5s62c6l!19sChIJ5wv15gtlUjoRNcDO_jrZeGk?authuser=0&hl=en&rclk=1,reliance digital in chennai,*****,*****,*****,*****,*****,*****,*****,*****,*****,*****,*****,*****,*****
ChIJz-Y71llnUjoRXon0XYbZgYg,Reliance Digital Express Mini,279,Cell phone store,Cell phone store,3.9,"58/59, Medavakkam Main Rd, Nanganallur, Jeevan Nagar, Adambakkam, Chennai, Tamil Nadu 600088",https://www.google.com/maps/place/Reliance+Digital+Express+Mini/data=!4m7!3m6!1s0x3a526759d63be6cf:0x8881d9865df4895e!8m2!3d12.9916!4d80.198766!16s%2Fg%2F11c1pmw_wn!19sChIJz-Y71llnUjoRXon0XYbZgYg?authuser=0&hl=en&rclk=1,reliance digital in chennai,*****,*****,*****,*****,*****,*****,*****,*****,*****,*****,*****,*****,*****
ChIJSSXpXOhmUjoR3wQso9ITEqY,Reliance Jio Digital Xpress Mini,276,Electronics store,Electronics store,3.8,"No. 3, Ellai Muthalamman Koil Street, 100 Feet Road, Vadapalani, Chennai, Tamil Nadu 600026",https://www.google.com/maps/place/Reliance+Jio+Digital+Xpress+Mini/data=!4m7!3m6!1s0x3a5266e85ce92549:0xa61213d2a32c04df!8m2!3d13.0489531!4d80.2118648!16s%2Fg%2F11cr_h4q60!19sChIJSSXpXOhmUjoR3wQso9ITEqY?authuser=0&hl=en&rclk=1,reliance digital in chennai,*****,*****,*****,*****,*****,*****,*****,*****,*****,*****,*****,*****,*****
ChIJU-9xxVhmUjoRzmYYt1dHcrk,My Jio Store,484,Electronics store,Electronics store,3.6,"39, N Usman Rd, Darmapuram, T. Nagar, Chennai, Tamil Nadu 600017",https://www.google.com/maps/place/My+Jio+Store/data=!4m7!3m6!1s0x3a526658c571ef53:0xb9724757b71866ce!8m2!3d13.0515072!4d80.234089!16s%2Fg%2F1q5bmgzst!19sChIJU-9xxVhmUjoRzmYYt1dHcrk?authuser=0&hl=en&rclk=1,reliance digital in chennai,*****,*****,*****,*****,*****,*****,*****,*****,*****,*****,*****,*****,*****
ChIJ0SxCWVtvUjoR9jf4z8BUAVo,Reliance Digital Xpress Mini And Jio Store,202,Electronics store,Electronics store,3.7,"No: 65, 33, Muthialpet, George Town, Chennai, Tamil Nadu 600001",https://www.google.com/maps/place/Reliance+Digital+Xpress+Mini+And+Jio+Store/data=!4m7!3m6!1s0x3a526f5b59422cd1:0x5a0154c0cff837f6!8m2!3d13.099563!4d80.2869108!16s%2Fg%2F11c206pczx!19sChIJ0SxCWVtvUjoR9jf4z8BUAVo?authuser=0&hl=en&rclk=1,reliance digital in chennai,*****,*****,*****,*****,*****,*****,*****,*****,*****,*****,*****,*****,*****
ChIJe9xHClJkUjoRx9i6qDNZ9hI,Reliance Digital Xpress Mini,166,Cell phone store,Cell phone store,3.8,"4, 70 Feet Rd, Anjugam Nagar, Jawahar Nagar, Kolathur, Chennai, Tamil Nadu 600082",https://www.google.com/maps/place/Reliance+Digital+Xpress+Mini/data=!4m7!3m6!1s0x3a5264520a47dc7b:0x12f65933a8bad8c7!8m2!3d13.1162783!4d80.2279257!16s%2Fg%2F11clt6k86b!19sChIJe9xHClJkUjoRx9i6qDNZ9hI?authuser=0&hl=en&rclk=1,reliance digital in chennai,*****,*****,*****,*****,*****,*****,*****,*****,*****,*****,*****,*****,*****
ChIJIe7BGNBnUjoRJB287kAItjw,Reliance Digital Xpress Mini,11,Electronics store,Electronics store,3.8,"Ground Floor, C.L.S Building, Old No81/1, New No165, Rk Mutt Road, Perumal Koil Thottam, Ramakrishna Nagar, Mandaveli, Chennai, Tamil Nadu 600028",https://www.google.com/maps/place/Reliance+Digital+Xpress+Mini/data=!4m7!3m6!1s0x3a5267d018c1ee21:0x3cb60840eebc1d24!8m2!3d13.0263282!4d80.2660164!16s%2Fg%2F11d_8dnzx4!19sChIJIe7BGNBnUjoRJB287kAItjw?authuser=0&hl=en&rclk=1,reliance digital in chennai,*****,*****,*****,*****,*****,*****,*****,*****,*****,*****,*****,*****,*****
ChIJL1OxNIhmUjoRe_00Oq_icJo,Jio Digital Life,157,Cell phone store,"Cell phone store, Electronics store",3.4,"12, Nelson Manickam Rd, Sakthi Nagar, Thiruvalluvar Puram, Choolaimedu, Chennai, Tamil Nadu 600094",https://www.google.com/maps/place/Jio+Digital+Life/data=!4m7!3m6!1s0x3a52668834b1532f:0x9a70e2af3a34fd7b!8m2!3d13.0664288!4d80.2310205!16s%2Fg%2F11c54djtv0!19sChIJL1OxNIhmUjoRe_00Oq_icJo?authuser=0&hl=en&rclk=1,reliance digital in chennai,*****,*****,*****,*****,*****,*****,*****,*****,*****,*****,*****,*****,*****
ChIJq6cNWACLUjoRkxlEs3tcUL8,Kundrathur Vasanth and Co,12,Appliance store,Appliance store,3.3,": 159, Bazaar St, Kundrathur, Kancheepuram, Tamil Nadu 600069",https://www.google.com/maps/place/Kundrathur+Vasanth+and+Co/data=!4m7!3m6!1s0x3a528b00580da7ab:0xbf505c7bb3441993!8m2!3d12.9979524!4d80.0965194!16s%2Fg%2F11vs235k3b!19sChIJq6cNWACLUjoRkxlEs3tcUL8?authuser=0&hl=en&rclk=1,vasanth & co in chennai,*****,*****,*****,*****,*****,*****,*****,*****,*****,*****,*****,*****,*****
ChIJzyUPYRphUjoRBJQhC63p_V8,VASANTH & CO,1986,Appliance store,"Appliance store, Air conditioning system supplier, Cell phone store, Countertop store, Electrical products wholesaler, Electronics Company, Kitchen furniture store, Outlet mall, Refrigerator store",3.7,"3, Arcot Rd, Karambakkam, Rajeswari Nagar, Porur, Chennai, Tamil Nadu 600116",https://www.google.com/maps/place/VASANTH+%26+CO/data=!4m7!3m6!1s0x3a52611a610f25cf:0x5ffde9ad0b219404!8m2!3d13.0377692!4d80.1593461!16s%2Fg%2F1tg144vg!19sChIJzyUPYRphUjoRBJQhC63p_V8?authuser=0&hl=en&rclk=1,vasanth & co in chennai,*****,*****,*****,*****,*****,*****,*****,*****,*****,*****,*****,*****,*****
ChIJfVdMCHJfUjoRI48ltZLsMLY,VASANTH & CO,1126,Appliance store,"Appliance store, Air conditioning system supplier, Cell phone store, Countertop store, Electrical products wholesaler, Electronics Company, Kitchen furniture store, Outlet mall, Refrigerator store",3.7,"Door No.12, New, No.40, Rajaji Rd, West Tambaram, Tambaram, Chennai, Tamil Nadu 600045",https://www.google.com/maps/place/VASANTH+%26+CO/data=!4m7!3m6!1s0x3a525f72084c577d:0xb630ec92b5258f23!8m2!3d12.9283938!4d80.1155086!16s%2Fg%2F1hm58c08x!19sChIJfVdMCHJfUjoRI48ltZLsMLY?authuser=0&hl=en&rclk=1,vasanth & co in chennai,*****,*****,*****,*****,*****,*****,*****,*****,*****,*****,*****,*****,*****
ChIJ6dxeXABnUjoRjFWTHH41zc8,VASANTH & CO,215,Appliance store,"Appliance store, Air conditioning system supplier, Cell phone store, Countertop store, Electrical products wholesaler, Electronics Company, Kitchen furniture store, Outlet mall, Refrigerator store",2.9,": 50, S Usman Road, near Raju hospital, Kannammapet, T. Nagar, Chennai, Tamil Nadu 600017",https://www.google.com/maps/place/VASANTH+%26+CO/data=!4m7!3m6!1s0x3a5267005c5edce9:0xcfcd357e1c93558c!8m2!3d13.0327115!4d80.2304074!16s%2Fg%2F1tfhy04t!19sChIJ6dxeXABnUjoRjFWTHH41zc8?authuser=0&hl=en&rclk=1,vasanth & co in chennai,*****,*****,*****,*****,*****,*****,*****,*****,*****,*****,*****,*****,*****
ChIJGe2yef1dUjoRC2xvLjpNkqQ,VASANTH & CO,527,Appliance store,"Appliance store, Air conditioning system supplier, Cell phone store, Countertop store, Electrical products wholesaler, Electronics Company, Kitchen furniture store, Outlet mall, Refrigerator store",3.8,"No.25A, New, Old 30A, 4th Main Rd, Nanganallur, Chennai, Tamil Nadu 600061",https://www.google.com/maps/place/VASANTH+%26+CO/data=!4m7!3m6!1s0x3a525dfd79b2ed19:0xa4924d3a2e6f6c0b!8m2!3d12.9838174!4d80.1882635!16s%2Fg%2F1tklnzmz!19sChIJGe2yef1dUjoRC2xvLjpNkqQ?authuser=0&hl=en&rclk=1,vasanth & co in chennai,*****,*****,*****,*****,*****,*****,*****,*****,*****,*****,*****,*****,*****
ChIJd0XuKYldUjoR6ns5-8NKMAc,VASANTH & CO,1126,Appliance store,"Appliance store, Air conditioning system supplier, Cell phone store, Countertop store, Electrical products wholesaler, Electronics Company, Kitchen furniture store, Outlet mall, Refrigerator store",3.4,"17, Velachery Bypass Rd, opposite to MURUGAN PALACE, Velachery, Chennai, Tamil Nadu 600042",https://www.google.com/maps/place/VASANTH+%26+CO/data=!4m7!3m6!1s0x3a525d8929ee4577:0x7304ac3fb397bea!8m2!3d12.9838085!4d80.2182128!16s%2Fg%2F124s_sxwl!19sChIJd0XuKYldUjoR6ns5-8NKMAc?authuser=0&hl=en&rclk=1,vasanth & co in chennai,*****,*****,*****,*****,*****,*****,*****,*****,*****,*****,*****,*****,*****
ChIJq6qqOuxnUjoRIk8S5aJYZvc,VASANTH & CO,320,Appliance store,"Appliance store, Air conditioning system supplier, Cell phone store, Countertop store, Electrical products wholesaler, Electronics Company, Kitchen furniture store, Outlet mall, Refrigerator store",3.3,"LAND MARK ADYAR SIGNAL, 11/4, Padmanabha Nagar, Adyar, Chennai, Tamil Nadu 600020",https://www.google.com/maps/place/VASANTH+%26+CO/data=!4m7!3m6!1s0x3a5267ec3aaaaaab:0xf76658a2e5124f22!8m2!3d13.0067509!4d80.2580532!16s%2Fg%2F1td11pnh!19sChIJq6qqOuxnUjoRIk8S5aJYZvc?authuser=0&hl=en&rclk=1,vasanth & co in chennai,*****,*****,*****,*****,*****,*****,*****,*****,*****,*****,*****,*****,*****
ChIJu_dIwepfUjoRUf0PMJnXv5E,VASANTH & CO,499,Appliance store,"Appliance store, Air conditioning system supplier, Cell phone store, Countertop store, Electrical products wholesaler, Electronics Company, Kitchen furniture store, Outlet mall, Refrigerator store",3.4,"Bharat Petrol Bunk, 6/2A, Velachery - Tambaram Main Rd, opp. Gowriwakkam, Gowriwakkam, Velachery, Chennai, Tamil Nadu 600073",https://www.google.com/maps/place/VASANTH+%26+CO/data=!4m7!3m6!1s0x3a525feac148f7bb:0x91bfd799300ffd51!8m2!3d12.9215692!4d80.1664085!16s%2Fg%2F11rf7kr64l!19sChIJu_dIwepfUjoRUf0PMJnXv5E?authuser=0&hl=en&rclk=1,vasanth & co in chennai,*****,*****,*****,*****,*****,*****,*****,*****,*****,*****,*****,*****,*****
ChIJNznGi0RnUjoRUlOvZRpUT9M,VASANTH & CO,215,Appliance store,"Appliance store, Air conditioning system supplier, Cell phone store, Countertop store, Electrical products wholesaler, Electronics Company, Kitchen furniture store, Outlet mall, Refrigerator store",3.9,"12, 16, Gandhi St, Appavu Nagar, Saidapet, Chennai, Tamil Nadu 600015",https://www.google.com/maps/place/VASANTH+%26+CO/data=!4m7!3m6!1s0x3a5267448bc63937:0xd34f541a65af5352!8m2!3d13.0284954!4d80.2269814!16s%2Fg%2F11mv0j5p6d!19sChIJNznGi0RnUjoRUlOvZRpUT9M?authuser=0&hl=en&rclk=1,vasanth & co in chennai,*****,*****,*****,*****,*****,*****,*****,*****,*****,*****,*****,*****,*****
ChIJVUIWNYhmUjoRlDj7TPpYSSo,VASANTH & CO,138,Appliance store,"Appliance store, Air conditioning system supplier, Cell phone store, Countertop store, Electrical products wholesaler, Electronics Company, Kitchen furniture store, Outlet mall, Refrigerator store",3.7,"N0, 13/1, Nelson Manickam Rd, near Nungambakkam Railway Station, Thiruvalluvar Puram, Choolaimedu, Chennai, Tamil Nadu 600094",https://www.google.com/maps/place/VASANTH+%26+CO/data=!4m7!3m6!1s0x3a52668835164255:0x2a4958fa4cfb3894!8m2!3d13.0665343!4d80.2307126!16s%2Fg%2F1vyn28tr!19sChIJVUIWNYhmUjoRlDj7TPpYSSo?authuser=0&hl=en&rclk=1,vasanth & co in chennai,*****,*****,*****,*****,*****,*****,*****,*****,*****,*****,*****,*****,*****
ChIJr7PRKFZmUjoRcPKu6BngwRc,VASANTH & CO,2121,Appliance store,"Appliance store, Air conditioning system supplier, Cell phone store, Countertop store, Electrical products wholesaler, Electronics Company, Kitchen furniture store, Outlet mall, Refrigerator store",3.6,"1, Land Mark, Malabar Gold, Opposite 31, N Usman Rd, Parthasarathi Puram, T. Nagar, Chennai, Tamil Nadu 600017",https://www.google.com/maps/place/VASANTH+%26+CO/data=!4m7!3m6!1s0x3a52665628d1b3af:0x17c1e019e8aef270!8m2!3d13.0477673!4d80.2333146!16s%2Fg%2F124sx2q4c!19sChIJr7PRKFZmUjoRcPKu6BngwRc?authuser=0&hl=en&rclk=1,vasanth & co in chennai,*****,*****,*****,*****,*****,*****,*****,*****,*****,*****,*****,*****,*****
ChIJeyhRc25fUjoRTtTfOfkDLYA,VASANTH & CO,550,Appliance store,Appliance store,3.5,"21, 22, Shanmugam Rd, West Tambaram, Tambaram, Chennai, Tamil Nadu 600045",https://www.google.com/maps/place/VASANTH+%26+CO/data=!4m7!3m6!1s0x3a525f6e7351287b:0x802d03f939dfd44e!8m2!3d12.9265984!4d80.1141547!16s%2Fg%2F1vr1v1_z!19sChIJeyhRc25fUjoRTtTfOfkDLYA?authuser=0&hl=en&rclk=1,vasanth & co in chennai,*****,*****,*****,*****,*****,*****,*****,*****,*****,*****,*****,*****,*****
ChIJHwYPSLdjUjoRnl6jUe28-OU,VASANTH & CO,164,Appliance store,"Appliance store, Air conditioning system supplier, Cell phone store, Countertop store, Electrical products wholesaler, Electronics Company, Kitchen furniture store, Outlet mall, Refrigerator store",3.6,"NO : 109, 63, Madras Thiruvallur High Rd, Gopal Nagar, Padi, Chennai, Tamil Nadu 600050",https://www.google.com/maps/place/VASANTH+%26+CO/data=!4m7!3m6!1s0x3a5263b7480f061f:0xe5f8bced51a35e9e!8m2!3d13.0989817!4d80.1842368!16s%2Fg%2F11nnsftf9v!19sChIJHwYPSLdjUjoRnl6jUe28-OU?authuser=0&hl=en&rclk=1,vasanth & co in chennai,*****,*****,*****,*****,*****,*****,*****,*****,*****,*****,*****,*****,*****
ChIJTZUCn-NdUjoRYc-Cctgt7rk,VASANTH & CO,536,Appliance store,"Appliance store, Air conditioning system supplier, Cell phone store, Countertop store, Electrical products wholesaler, Electronics Company, Kitchen furniture store, Outlet mall, Refrigerator store",3.6,"61, Medavakkam Main Rd, Balammal Nagar, Puzhuthivakkam, Madipakkam, Chennai, Tamil Nadu 600091",https://www.google.com/maps/place/VASANTH+%26+CO/data=!4m7!3m6!1s0x3a525de39f02954d:0xb9ee2dd87282cf61!8m2!3d12.9758907!4d80.1930522!16s%2Fg%2F124ydft64!19sChIJTZUCn-NdUjoRYc-Cctgt7rk?authuser=0&hl=en&rclk=1,vasanth & co in chennai,*****,*****,*****,*****,*****,*****,*****,*****,*****,*****,*****,*****,*****
ChIJg_aHv_9mUjoRY4cCpe7dFdo,VASANTH & CO,10,Appliance store,"Appliance store, Electronics Company",3.6,"15/8A, S Usman Road, T. Nagar, Chennai, Tamil Nadu 600017",https://www.google.com/maps/place/VASANTH+%26+CO/data=!4m7!3m6!1s0x3a5266ffbf87f683:0xda15ddeea5028763!8m2!3d13.0338105!4d80.2305524!16s%2Fg%2F11fnw1l_ff!19sChIJg_aHv_9mUjoRY4cCpe7dFdo?authuser=0&hl=en&rclk=1,vasanth & co in chennai,*****,*****,*****,*****,*****,*****,*****,*****,*****,*****,*****,*****,*****
ChIJ_xwAoUdjUjoRsZBcUCFNxiE,VASANTH & CO,319,Appliance store,"Appliance store, Air conditioning system supplier, Cell phone store, Countertop store, Electrical products wholesaler, Electronics Company, Kitchen furniture store, Outlet mall, Refrigerator store",3.7,"No. 429, Flat, 17, Madras Thiruvallur High Rd, Ram Nagar, Ambattur, Chennai, Tamil Nadu 600053",https://www.google.com/maps/place/VASANTH+%26+CO/data=!4m7!3m6!1s0x3a526347a1001cff:0x21c64d21505c90b1!8m2!3d13.1234341!4d80.1457024!16s%2Fg%2F11rgx42k7n!19sChIJ_xwAoUdjUjoRsZBcUCFNxiE?authuser=0&hl=en&rclk=1,vasanth & co in chennai,*****,*****,*****,*****,*****,*****,*****,*****,*****,*****,*****,*****,*****
ChIJb2iWHOBjUjoRAyAnxsgE1RU,VASANTH & CO,333,Appliance store,"Appliance store, Air conditioning system supplier, Cell phone store, Countertop store, Electrical products wholesaler, Electronics Company, Kitchen furniture store, Outlet mall, Refrigerator store",3.4,"85, New Military Rd, Kannigapuram, TNHB Mig V Block, Avadi, Tamil Nadu 600054",https://www.google.com/maps/place/VASANTH+%26+CO/data=!4m7!3m6!1s0x3a5263e01c96686f:0x15d504c8c6272003!8m2!3d13.11658!4d80.0993312!16s%2Fg%2F11m_y7h_3s!19sChIJb2iWHOBjUjoRAyAnxsgE1RU?authuser=0&hl=en&rclk=1,vasanth & co in chennai,*****,*****,*****,*****,*****,*****,*****,*****,*****,*****,*****,*****,*****
ChIJqXA_uv9mUjoRkK2wyK3A1R0,Vasanth & Co.,28,Appliance store,Appliance store,3.6,"No. 17, Ranganathan St, T Nagar, Asoka Nagar, T. Nagar, Chennai, Tamil Nadu 600017",https://www.google.com/maps/place/Vasanth+%26+Co./data=!4m7!3m6!1s0x3a5266ffba3f70a9:0x1dd5c0adc8b0ad90!8m2!3d13.0369709!4d80.2301593!16s%2Fg%2F11flvwbyjj!19sChIJqXA_uv9mUjoRkK2wyK3A1R0?authuser=0&hl=en&rclk=1,vasanth & co in chennai,*****,*****,*****,*****,*****,*****,*****,*****,*****,*****,*****,*****,*****
ChIJRfrP5yFlUjoRt0y33CTERoE,VASANTH & CO,982,Appliance store,"Appliance store, Air conditioning system supplier, Cell phone store, Countertop store, Electrical products wholesaler, Electronics Company, Kitchen furniture store, Outlet mall, Refrigerator store",3.8,"184 & 185, Purasaivakkam High Rd, Lumbini Square, Purasaiwakkam, Chennai, Tamil Nadu 600010",https://www.google.com/maps/place/VASANTH+%26+CO/data=!4m7!3m6!1s0x3a526521e7cffa45:0x8146c424dcb74cb7!8m2!3d13.0860525!4d80.2496476!16s%2Fg%2F1tdjz__d!19sChIJRfrP5yFlUjoRt0y33CTERoE?authuser=0&hl=en&rclk=1,vasanth & co in chennai,*****,*****,*****,*****,*****,*****,*****,*****,*****,*****,*****,*****,*****
ChIJNe2bo15kUjoRXjdW8dkyJ6Q,VASANTH & CO,339,Appliance store,"Appliance store, Air conditioning system supplier, Cell phone store, Countertop store, Electrical products wholesaler, Electronics Company, Kitchen furniture store, Outlet mall, Refrigerator store",3.5,"No.1, Perundevi Ambal Avenue, Red Hills Rd, Kolathur, Chennai, Tamil Nadu 600099",https://www.google.com/maps/place/VASANTH+%26+CO/data=!4m7!3m6!1s0x3a52645ea39bed35:0xa42732d9f156375e!8m2!3d13.1266122!4d80.2186687!16s%2Fg%2F11bvt8m40q!19sChIJNe2bo15kUjoRXjdW8dkyJ6Q?authuser=0&hl=en&rclk=1,vasanth & co in chennai,*****,*****,*****,*****,*****,*****,*****,*****,*****,*****,*****,*****,*****
ChIJfZaqGlhmUjoRkygSjvc5e9k,Viveks,11751,Electronics store,"Electronics store, Appliance store",4.8,"167, N Usman Rd, Parthasarathi Puram, T. Nagar, Chennai, Tamil Nadu 600017",https://www.google.com/maps/place/Viveks/data=!4m7!3m6!1s0x3a5266581aaa967d:0xd97b39f78e122893!8m2!3d13.0472964!4d80.2327796!16s%2Fg%2F11b66gnzrj!19sChIJfZaqGlhmUjoRkygSjvc5e9k?authuser=0&hl=en&rclk=1,viveks in chennai,*****,*****,*****,*****,*****,*****,*****,*****,*****,*****,*****,*****,*****
ChIJ5RIRmBthUjoRDg9rU4qSL7k,Viveks,6448,Electronics store,"Electronics store, Appliance store, Cell phone store, Furniture store, Office furniture store",4.8,"PVC Complex, 21B & 21C, Arcot Rd, Porur, Chennai, Tamil Nadu 600116",https://www.google.com/maps/place/Viveks/data=!4m7!3m6!1s0x3a52611b981112e5:0xb92f928a536b0f0e!8m2!3d13.037856!4d80.1629902!16s%2Fg%2F11b7fjpqkb!19sChIJ5RIRmBthUjoRDg9rU4qSL7k?authuser=0&hl=en&rclk=1,viveks in chennai,*****,*****,*****,*****,*****,*****,*****,*****,*****,*****,*****,*****,*****
ChIJsexCdXJfUjoRRxSDciWwYcE,Viveks,7566,Appliance store,"Appliance store, Electronics store",4.8,"New no 4, Chandra Towers, Rajaji Rd, West Tambaram, Tambaram, Chennai, Tamil Nadu 600045",https://www.google.com/maps/place/Viveks/data=!4m7!3m6!1s0x3a525f727542ecb1:0xc161b02572831447!8m2!3d12.928157!4d80.116468!16s%2Fg%2F124t2ls81!19sChIJsexCdXJfUjoRRxSDciWwYcE?authuser=0&hl=en&rclk=1,viveks in chennai,*****,*****,*****,*****,*****,*****,*****,*****,*****,*****,*****,*****,*****
ChIJF4CHCnOKUjoRwZpzr0xdYa4,Viveks - Poonamallee,1947,Electronics store,"Electronics store, Appliance store",4.7,"67, Trunk Rd, Rukmani Nagar, Poonamallee, Chennai, Tamil Nadu 600056",https://www.google.com/maps/place/Viveks+-+Poonamallee/data=!4m7!3m6!1s0x3a528a730a878017:0xae615d4caf739ac1!8m2!3d13.0496628!4d80.0910766!16s%2Fg%2F11c0r5lv7p!19sChIJF4CHCnOKUjoRwZpzr0xdYa4?authuser=0&hl=en&rclk=1,viveks in chennai,*****,*****,*****,*****,*****,*****,*****,*****,*****,*****,*****,*****,*****
ChIJXY34WqNmUjoRPI_3lyZ4JNY,Viveks,4644,Electronics store,"Electronics store, Appliance store, Cell phone store, Furniture store, Office furniture store",4.8,"188, Arcot Rd, Vadapalani, Chennai, Tamil Nadu 600026",https://www.google.com/maps/place/Viveks/data=!4m7!3m6!1s0x3a5266a35af88d5d:0xd624782697f78f3c!8m2!3d13.0498823!4d80.2105846!16s%2Fg%2F119x2l99s!19sChIJXY34WqNmUjoRPI_3lyZ4JNY?authuser=0&hl=en&rclk=1,viveks in chennai,*****,*****,*****,*****,*****,*****,*****,*****,*****,*****,*****,*****,*****
ChIJjbt24_1dUjoRUve0C8jgymI,Viveks - Nanganallur,3230,Electronics store,"Electronics store, Appliance store",4.7,"Door No.23, 11, 4th Main Rd, Nanganallur, Chennai, Tamil Nadu 600061",https://www.google.com/maps/place/Viveks+-+Nanganallur/data=!4m7!3m6!1s0x3a525dfde376bb8d:0x62cae0c80bb4f752!8m2!3d12.9826837!4d80.1882727!16s%2Fg%2F1tp06jcb!19sChIJjbt24_1dUjoRUve0C8jgymI?authuser=0&hl=en&rclk=1,viveks in chennai,*****,*****,*****,*****,*****,*****,*****,*****,*****,*****,*****,*****,*****
ChIJVba_4h9fUjoR8pscz7oAlwU,Viveks - Selaiyur,4760,Electronics store,"Electronics store, Appliance store",4.7,"225, Velachery Main Rd, Selaiyur, Chennai, Tamil Nadu 600073",https://www.google.com/maps/place/Viveks+-+Selaiyur/data=!4m7!3m6!1s0x3a525f1fe2bfb655:0x59700bacf1c9bf2!8m2!3d12.9222186!4d80.1416092!16s%2Fg%2F11c0r5vt3z!19sChIJVba_4h9fUjoR8pscz7oAlwU?authuser=0&hl=en&rclk=1,viveks in chennai,*****,*****,*****,*****,*****,*****,*****,*****,*****,*****,*****,*****,*****
ChIJC4NlzltnUjoRJ5nUH5tDKBo,Viveks,1060,Electronics store,"Electronics store, Appliance store",4.6,"17/25, Medavakkam Main Rd, Rajendra Nagar, Keelkattalai, Chennai, Tamil Nadu 600017",https://www.google.com/maps/place/Viveks/data=!4m7!3m6!1s0x3a52675bce65830b:0x1a28439b1fd49927!8m2!3d12.9573144!4d80.18713!16s%2Fg%2F11f__1d05c!19sChIJC4NlzltnUjoRJ5nUH5tDKBo?authuser=0&hl=en&rclk=1,viveks in chennai,*****,*****,*****,*****,*****,*****,*****,*****,*****,*****,*****,*****,*****
ChIJ8VYTry1mUjoRzGSXbFeoO1c,Viveks,11362,Electronics store,"Electronics store, Appliance store, Cell phone store, Computer store, Countertop store",4.9,"133, Royapettah High Rd, Vinayagar Kovil, Mylapore, Chennai, Tamil Nadu 600004",https://www.google.com/maps/place/Viveks/data=!4m7!3m6!1s0x3a52662daf1356f1:0x573ba8576c9764cc!8m2!3d13.037736!4d80.2677464!16s%2Fg%2F1ptvxbqn0!19sChIJ8VYTry1mUjoRzGSXbFeoO1c?authuser=0&hl=en&rclk=1,viveks in chennai,*****,*****,*****,*****,*****,*****,*****,*****,*****,*****,*****,*****,*****
ChIJzdAikyFkUjoRPs_Z4CvELb4,"Viveks - Anna Nagar, Chennai",2083,Electronics store,"Electronics store, Appliance store, Electronics Company",4.6,"AA 152, 3rd Ave, near Round Tana, Lapis lagoon, AA Block, Shanthi Colony, Anna Nagar, Chennai, Tamil Nadu 600040","https://www.google.com/maps/place/Viveks+-+Anna+Nagar,+Chennai/data=!4m7!3m6!1s0x3a5264219322d0cd:0xbe2dc42be0d9cf3e!8m2!3d13.0837339!4d80.217637!16s%2Fg%2F1tfgmv07!19sChIJzdAikyFkUjoRPs_Z4CvELb4?authuser=0&hl=en&rclk=1",viveks in chennai,*****,*****,*****,*****,*****,*****,*****,*****,*****,*****,*****,*****,*****
ChIJLVelqBNdUjoRB-RfNHE0K4w,Viveks - OMR,1512,Appliance store,"Appliance store, Electronics store",4.3,"OMR - ECR Link road Toll, No 288, Rajiv Gandhi Salai, Kandhanchavadi, Sholinganallur, Chennai, Tamil Nadu 600096",https://www.google.com/maps/place/Viveks+-+OMR/data=!4m7!3m6!1s0x3a525d13a8a5572d:0x8c2b3471345fe407!8m2!3d12.968219!4d80.248924!16s%2Fg%2F1pty7rfqn!19sChIJLVelqBNdUjoRB-RfNHE0K4w?authuser=0&hl=en&rclk=1,viveks in chennai,*****,*****,*****,*****,*****,*****,*****,*****,*****,*****,*****,*****,*****
ChIJN703l-xnUjoRPEW2CCZEwjg,Viveks,3549,Electronics store,"Electronics store, Appliance store",4.7,"35, Gandhi Nagar 1st Main Road, Gandhi Nagar, Adyar, Chennai, Tamil Nadu 600020",https://www.google.com/maps/place/Viveks/data=!4m7!3m6!1s0x3a5267ec9737bd37:0x38c2442608b6453c!8m2!3d13.0068232!4d80.2566443!16s%2Fg%2F11c6zx76yt!19sChIJN703l-xnUjoRPEW2CCZEwjg?authuser=0&hl=en&rclk=1,viveks in chennai,*****,*****,*****,*****,*****,*****,*****,*****,*****,*****,*****,*****,*****
ChIJ240Xkt5lUjoRySqFomHIWS4,Viveks - Purasawalkam,4228,Electronics store,"Electronics store, Appliance store",4.7,"No:205, Purasaivakkam High Rd, Purasaiwakkam, Chennai, Tamil Nadu 600007",https://www.google.com/maps/place/Viveks+-+Purasawalkam/data=!4m7!3m6!1s0x3a5265de92178ddb:0x2e59c861a2852ac9!8m2!3d13.0859215!4d80.2514001!16s%2Fg%2F1tx_4sq1!19sChIJ240Xkt5lUjoRySqFomHIWS4?authuser=0&hl=en&rclk=1,viveks in chennai,*****,*****,*****,*****,*****,*****,*****,*****,*****,*****,*****,*****,*****
ChIJp6OXAgBhUjoRMgs7r4iERiU,Viveks showroom porur,58,Electronics store,Electronics store,4.2,"19, 19, Arcot Rd, Ramakrishna Nagar, Porur, Chennai, Tamil Nadu 600116",https://www.google.com/maps/place/Viveks+showroom+porur/data=!4m7!3m6!1s0x3a5261000297a3a7:0x25468488af3b0b32!8m2!3d13.0378318!4d80.1630454!16s%2Fg%2F11y29r74xb!19sChIJp6OXAgBhUjoRMgs7r4iERiU?authuser=0&hl=en&rclk=1,viveks in chennai,*****,*****,*****,*****,*****,*****,*****,*****,*****,*****,*****,*****,*****
ChIJH9nbEe9lUjoR5ylFctL13Qw,Viveks,1324,Electronics store,"Electronics store, Appliance store",4.8,"29/3, SEMBIUM, Red Hills Rd, Kolathur, Chennai, Tamil Nadu 600099",https://www.google.com/maps/place/Viveks/data=!4m7!3m6!1s0x3a5265ef11dbd91f:0xcddf5d2724529e7!8m2!3d13.128264!4d80.2167341!16s%2Fg%2F11fd4xlvnt!19sChIJH9nbEe9lUjoR5ylFctL13Qw?authuser=0&hl=en&rclk=1,viveks in chennai,*****,*****,*****,*****,*****,*****,*****,*****,*****,*****,*****,*****,*****
ChIJZ6THsMVgUjoRB6N0QGsJE8I,Viveks Warehouse,166,Appliance store,"Appliance store, Electronics store",3.6,"Godown No: 12, Central Warehouse, No: 105, Arcot Rd, Ayyavupuram, Virugambakkam, Chennai, Tamil Nadu 600092",https://www.google.com/maps/place/Viveks+Warehouse/data=!4m7!3m6!1s0x3a5260c5b0c7a467:0xc213096b4074a307!8m2!3d13.0453551!4d80.1945462!16s%2Fg%2F11b7hjrhdm!19sChIJZ6THsMVgUjoRB6N0QGsJE8I?authuser=0&hl=en&rclk=1,viveks in chennai,*****,*****,*****,*****,*****,*****,*****,*****,*****,*****,*****,*****,*****
ChIJdSFIcsJmUjoR7ZWHHPGHauQ,"VIVEKS, vadapalani",47,Appliance store,Appliance store,3.7,"No.174, Arcot Rd, near vadapalani bus terminus, Opp. Vadapalani Bus Terminus, Kannika Puram, Vadapalani, Chennai, Tamil Nadu 600026","https://www.google.com/maps/place/VIVEKS,+vadapalani/data=!4m7!3m6!1s0x3a5266c272482175:0xe46a87f11c8795ed!8m2!3d13.0498986!4d80.2106501!16s%2Fg%2F11gbx8z1h6!19sChIJdSFIcsJmUjoR7ZWHHPGHauQ?authuser=0&hl=en&rclk=1",viveks in chennai,*****,*****,*****,*****,*****,*****,*****,*****,*****,*****,*****,*****,*****
ChIJodynOy1mUjoRSe546WVj9aE,Vivek Private Limited - Corporate Office,243,Corporate office,Corporate office,3.5,"20/48 at, S Boag Rd, T. Nagar, Chennai, Tamil Nadu 600017",https://www.google.com/maps/place/Vivek+Private+Limited+-+Corporate+Office/data=!4m7!3m6!1s0x3a52662d3ba7dca1:0xa1f56365e978ee49!8m2!3d13.0375986!4d80.2428734!16s%2Fg%2F1tdh28_3!19sChIJodynOy1mUjoRSe546WVj9aE?authuser=0&hl=en&rclk=1,viveks in chennai,*****,*****,*****,*****,*****,*****,*****,*****,*****,*****,*****,*****,*****
ChIJvd1yQ75dUjoRFcsLZ3D8KW8,Vivek service centre,540,Television repair service,Television repair service,4.8,"1, Madipakkam Main Road, near, Ponniamman Koil St, opposite to jayaram mini hall, Madipakkam, Chennai, Tamil Nadu 600091",https://www.google.com/maps/place/Vivek+service+centre/data=!4m7!3m6!1s0x3a525dbe4372ddbd:0x6f29fc70670bcb15!8m2!3d12.9671322!4d80.1958517!16s%2Fg%2F11sny6fhbd!19sChIJvd1yQ75dUjoRFcsLZ3D8KW8?authuser=0&hl=en&rclk=1,viveks in chennai,*****,*****,*****,*****,*****,*****,*****,*****,*****,*****,*****,*****,*****
ChIJoS_SxSFnUjoRLw7arp7R8sY,Vivek Electricals,20,Electrical supply store,"Electrical supply store, Electrical products wholesaler",4.8,"Shop No. 102/BB, Pillaiyar Koil Street, Jafferkhanpet, Chennai, Tamil Nadu 600083",https://www.google.com/maps/place/Vivek+Electricals/data=!4m7!3m6!1s0x3a526721c5d22fa1:0xc6f2d19eaeda0e2f!8m2!3d13.030413!4d80.207996!16s%2Fg%2F1tdp_kdg!19sChIJoS_SxSFnUjoRLw7arp7R8sY?authuser=0&hl=en&rclk=1,viveks in chennai,*****,*****,*****,*****,*****,*****,*****,*****,*****,*****,*****,*****,*****
